{"cameraMode":{"drawMode":0,"name":"Shaded","section":"Shading Mode"},"sceneLighting":false,"audioPlay":false,"sceneViewState":{"showFog":true,"showMaterialUpdate":false,"showSkybox":false,"showFlares":true,"showImageEffects":true,"showParticleSystems":true},"in2DMode":false,"pivot":{"x":-6.41807746887207,"y":4.074858665466309,"z":8.516422271728516},"rotation":{"x":-0.23857481777668,"y":0.7296189665794373,"z":-0.31046631932258608,"w":-0.5606687664985657},"size":31.922317504882814,"orthographic":false}