{"cameraMode":{"drawMode":0,"name":"Shaded","section":"Shading Mode"},"sceneLighting":true,"audioPlay":false,"sceneViewState":{"showFog":true,"showMaterialUpdate":false,"showSkybox":true,"showFlares":true,"showImageEffects":true,"showParticleSystems":true},"in2DMode":false,"pivot":{"x":-60.77000045776367,"y":0.6850936412811279,"z":-7.026153087615967},"rotation":{"x":-0.3056962192058563,"y":0.5538634657859802,"z":-0.2288409024477005,"w":-0.7398766875267029},"size":192.802734375,"orthographic":false}